Headline,Description
US interim trade deal opens door for tractor exports: Escorts Kubota CFO,"Under its 2030 mid-term business plan, Kubota Corporation stated that while aiming to capture high-growth markets, it will leverage India as a global hub for R&D, procurement and production"
US interim trade deal opens door for tractor exports: Escorts Kubota CFO,"Under its 2030 mid-term business plan, Kubota Corporation stated that while aiming to capture high-growth markets, it will leverage India as a global hub for R&D, procurement and production"
Cabinet nod to multi-tracking projects will reduce logistical cost: PM,The Union Cabinet had met on Friday evening where multiple decisions were taken on infrastructure projects
Cabinet nod to multi-tracking projects will reduce logistical cost: PM,The Union Cabinet had met on Friday evening where multiple decisions were taken on infrastructure projects
"India-US ITA to cover energy needs, ensure competitive crude prices: Goyal","He said the proposed $500 billion trade would include India's energy requirements, such as crude oil, LNG and LPG"
"India-US ITA to cover energy needs, ensure competitive crude prices: Goyal","He said the proposed $500 billion trade would include India's energy requirements, such as crude oil, LNG and LPG"
"India's AI Moment: Global South needs to set rules, not just host summit","India's opportunity is to show that responsible AI development is not a brake on growth, rather an advantage, and companies doing business in India should expect a model that embraces both objectives"
"India's AI Moment: Global South needs to set rules, not just host summit","India's opportunity is to show that responsible AI development is not a brake on growth, rather an advantage, and companies doing business in India should expect a model that embraces both objectives"
Urban India may account for 70% of GDP in FY26: Dun & Bradstreet report,"Urban India to power 70% of GDP in FY26, with Tier-II and Tier-III cities emerging as new growth hubs, says Dun & Bradstreet report"
Urban India may account for 70% of GDP in FY26: Dun & Bradstreet report,"Urban India to power 70% of GDP in FY26, with Tier-II and Tier-III cities emerging as new growth hubs, says Dun & Bradstreet report"
NITI calls for inverted duty correction to boost electronics exports,"India faces 14-18 per cent cost disadvantage against peers, says report"
NITI calls for inverted duty correction to boost electronics exports,"India faces 14-18 per cent cost disadvantage against peers, says report"
India creates 44 tariff lines in Budget 2026 to map US market access,The commerce department on Friday said the trade agreement reflects a calibrated and balanced approach that places farmers' interests at the forefront
India creates 44 tariff lines in Budget 2026 to map US market access,The commerce department on Friday said the trade agreement reflects a calibrated and balanced approach that places farmers' interests at the forefront
New CPI series triggers shakeup in state-level inflation rankings,"Revised 2024 base year, fresh consumption weights and expanded market basket recast state inflation rankings; Telangana tops January list under new series"
New CPI series triggers shakeup in state-level inflation rankings,"Revised 2024 base year, fresh consumption weights and expanded market basket recast state inflation rankings; Telangana tops January list under new series"
Reliance Industries gets US licence to directly buy Venezuela crude oil,"India's largest private refiner gets US general licence to purchase Venezuelan crude directly, potentially diversifying its crude slate and resuming imports after previous sanctions eased"
Reliance Industries gets US licence to directly buy Venezuela crude oil,"India's largest private refiner gets US general licence to purchase Venezuelan crude directly, potentially diversifying its crude slate and resuming imports after previous sanctions eased"
Indian refiners see limited gains from Venezuela as Russian oil dries up,"Venezuela's heavy, acidic grades are a poor replacement for higher-quality Russian variants, which are now declining in India's crude oil basket due to US pressure"
Indian refiners see limited gains from Venezuela as Russian oil dries up,"Venezuela's heavy, acidic grades are a poor replacement for higher-quality Russian variants, which are now declining in India's crude oil basket due to US pressure"
"India's Q1 edible oil imports fall 2% on lower soybean, sunflower purchases",Palm oil imports rose 18 per cent to 1.91 million tonnes in the November 2025-January 2026 quarter from 1.62 million tonnes a year earlier
"India's Q1 edible oil imports fall 2% on lower soybean, sunflower purchases",Palm oil imports rose 18 per cent to 1.91 million tonnes in the November 2025-January 2026 quarter from 1.62 million tonnes a year earlier
"Nomura drops April rate-cut call on firmer inflation, RBI 'stealth easing'","Last week, Nomura had assigned a 65 per cent probability that ‌the Reserve Bank of India would cut its policy rate by 25 basis points to 5 per cent"
"Nomura drops April rate-cut call on firmer inflation, RBI 'stealth easing'","Last week, Nomura had assigned a 65 per cent probability that ‌the Reserve Bank of India would cut its policy rate by 25 basis points to 5 per cent"
